<PAMDataset>
  <PAMRasterBand band="1">
    <Description>Predict_Map</Description>
    <Histograms>
      <HistItem>
        <HistMin>-0.6744793653488159</HistMin>
        <HistMax>14.55343437194824</HistMax>
        <BucketCount>256</BucketCount>
        <IncludeOutOfRange>1</IncludeOutOfRange>
        <Approximate>0</Approximate>
        <HistCounts>4|10|9|27|28|36|56|63|98|201|471|1005|1988|2874|4358|5948|8923|6602|3304|3445|3173|3159|4665|1114|1238|1113|946|1141|1195|1741|2039|895|321|266|265|256|257|156|153|129|102|105|101|81|91|69|75|57|64|59|62|64|62|38|34|32|33|28|23|14|22|10|22|16|7|6|7|10|14|7|8|7|7|10|7|10|6|1|4|3|4|3|4|2|3|8|3|2|6|1|6|5|4|5|3|6|2|4|3|3|5|4|6|10|5|8|2|6|1|3|3|2|4|3|2|3|2|3|1|2|2|0|1|1|1|1|0|1|0|0|2|1|3|0|2|0|1|2|0|0|1|1|0|2|1|0|0|1|2|0|1|0|0|0|0|1|2|0|1|1|1|0|0|1|0|0|0|0|3|0|0|0|1|0|2|0|1|0|0|2|0|0|0|0|0|1|0|0|3|0|0|2|0|0|0|0|0|0|0|1|0|1|0|0|0|0|0|0|0|1|0|0|1|0|0|0|0|1|0|0|1|0|0|0|0|0|0|0|0|1|0|0|0|1|0|0|0|0|0|0|0|0|0|0|0|0|0|0|0|0|0|0|0|0|0|1</HistCounts>
      </HistItem>
    </Histograms>
    <Metadata>
      <MDI key="STATISTICS_COVARIANCES">0.3066044730485945</MDI>
      <MDI key="STATISTICS_EXCLUDEDVALUES"></MDI>
      <MDI key="STATISTICS_SKIPFACTORX">1</MDI>
      <MDI key="STATISTICS_SKIPFACTORY">1</MDI>
    </Metadata>
  </PAMRasterBand>
</PAMDataset>
