<?xml version="1.0" encoding="UTF-8"?>
<metadata xml:lang="en"><Esri><CreaDate>20180605</CreaDate><CreaTime>20480000</CreaTime><ArcGISFormat>1.0</ArcGISFormat><ArcGISstyle>FGDC CSDGM Metadata</ArcGISstyle><SyncOnce>TRUE</SyncOnce><DataProperties><GeoStats><OutputType>PREDICTION</OutputType></GeoStats><lineage><Process ToolSource="c:\program files (x86)\arcgis\desktop10.5\ArcToolbox\Toolboxes\Geostatistical Analyst Tools.tbx\GALayerToGrid" Date="20180604" Time="150645">GALayerToGrid "C:\ARCGIS Training\Tricities_EBK\Output\Iodine_EBK"" "C:\ARCGIS Training\Tricities_EBK\Output\Predict_Map" 141.39815199998 1 1</Process></lineage><itemProps><itemLocation><linkage Sync="TRUE">file://\\DESKTOP-5KINU5K\C$\ARCGIS Training\GEO565_Programming_ArcPy\GEOG565_Final_Project\Land_Cover_Tool\Data\predict_map</linkage><protocol Sync="TRUE">Local Area Network</protocol></itemLocation></itemProps><copyHistory><copy source="C:\ARCGIS Training\Tricities_EBK\Output\predict_map" dest="\\DESKTOP-5KINU5K\C$\ARCGIS Training\GEO565_Programming_ArcPy\GEOG565_Final_Project\Land_Cover_Tool\Data\predict_map" date="20180605" time="20480000"></copy></copyHistory></DataProperties></Esri></metadata>
